{"cameraMode":{"drawMode":0,"name":"Shaded","section":"Shading Mode"},"sceneLighting":false,"audioPlay":false,"sceneViewState":{"m_AlwaysRefresh":false,"showFog":true,"showSkybox":false,"showFlares":true,"showImageEffects":true,"showParticleSystems":true,"showVisualEffectGraphs":true,"m_FxEnabled":true},"in2DMode":false,"pivot":{"x":0.0004947695415467024,"y":0.0007777992868795991,"z":0.0003547733649611473},"rotation":{"x":-0.19336505234241486,"y":0.034427087754011157,"z":-0.006799833849072456,"w":-0.9805141091346741},"size":0.005117753520607948,"orthographic":false}