{"cameraMode":{"drawMode":0,"name":"Shaded","section":"Shading Mode"},"sceneLighting":false,"audioPlay":false,"sceneViewState":{"m_AlwaysRefresh":false,"showFog":true,"showSkybox":false,"showFlares":true,"showImageEffects":true,"showParticleSystems":true,"showVisualEffectGraphs":true,"m_FxEnabled":true},"in2DMode":false,"pivot":{"x":122.94502258300781,"y":-15.729998588562012,"z":2.499999761581421},"rotation":{"x":-0.19336505234241486,"y":0.034427087754011157,"z":-0.006799833849072456,"w":-0.9805141091346741},"size":127.42823791503906,"orthographic":false}